months_as_customer,age,policy_annual_premium,injury_claim,property_claim,vehicle_claim,total_claim_amount,fraud_reported
221,31,822.353844974723,11905,1619,8512,22036,N
368,38,1260.2278598896864,1994,11150,14231,27375,N
87,64,848.8682665429953,7984,1604,31037,40625,N
493,43,1432.9380670999547,3530,5256,19019,27805,N
84,30,1241.1206492900592,11157,11835,5951,28943,N
398,37,1327.940887177492,9444,6413,30523,46380,N
335,64,664.2657979309929,14340,2898,23930,41168,N
127,55,1407.866130462516,600,14060,17449,32109,N
138,47,1316.5994394715772,9510,12903,28173,50586,N
31,36,2624.1015441818377,20984,20142,77438,118564,Y
192,62,732.2126951468173,1248,11246,18381,30875,N
39,25,2624.237995913992,16970,23389,67202,107561,Y
440,37,1193.7176074033384,7667,5742,5788,19197,N
338,59,1393.8925830509577,419,2204,10789,13412,N
490,62,1206.980461243459,950,2336,38141,41427,N
245,51,1214.0640822236142,4612,13946,23710,42268,N
352,53,1103.9578720725126,14350,3228,20103,37681,N
310,58,729.2513952326415,2891,3756,20609,27256,N
460,60,1098.442701205227,10147,793,34884,45824,N
197,40,1459.0747945640278,11111,10789,12999,34899,N
72,55,1447.2833396118153,2443,10457,10380,23280,N
39,35,2611.4542354346477,22790,24831,73595,121216,Y
220,41,602.2126642251995,13635,11127,38727,63489,N
176,57,874.435369720422,6024,5109,20530,31663,N
28,31,2934.367014769015,18797,28718,74560,122075,Y
45,22,2984.8411989623346,16645,29755,59256,105656,Y
0,39,2518.8380571260723,20031,29222,42708,91961,Y
480,38,1244.2496518432888,8393,3507,39224,51124,N
166,55,833.4991716911442,8766,14579,34393,57738,N
124,31,965.7001223188132,8666,8609,36368,53643,N
177,53,1077.6319540915472,5299,12997,19956,38252,N
23,18,2362.3938991166333,27350,28290,44757,100397,Y
203,57,712.6807843412263,11312,966,4944,17222,N
133,49,914.6241237270237,14811,5182,9916,29909,N
409,36,1095.3850173200437,11404,9181,26838,47423,N
18,34,2036.549667848095,23477,22311,68071,113859,Y
68,47,794.0446792209716,5490,11249,28865,45604,N
162,59,1059.6403313082178,4926,6016,12342,23284,N
408,32,873.3093162797529,1481,10093,16438,28012,N
27,35,2866.9937600115236,26271,15832,50998,93101,Y
372,53,696.1130996934528,14078,8519,31480,54077,N
46,22,2178.5446620543335,22776,18675,75822,117273,Y
313,63,1305.314967357905,5207,9503,18922,33632,N
449,33,1444.4097255772735,12469,6612,21389,40470,N
272,47,513.001923510736,8966,2198,20079,31243,N
430,48,1083.0415609696922,4177,8705,23236,36118,N
453,40,759.4234334312926,1409,12994,37334,51737,N
168,41,1330.65450656525,804,13221,1279,15304,N
271,38,936.1265291353167,7083,5986,17771,30840,N
329,46,1368.4679758979128,2679,2106,24557,29342,N
264,61,925.2135044692334,3186,11472,2573,17231,N
58,31,1133.4782198261473,11622,7368,17685,36675,N
284,33,632.2762111253304,10268,11372,8996,30636,N
124,35,1414.298806560499,12116,10281,38243,60640,N
40,23,2067.17539991571,20796,22141,52875,95812,Y
22,38,2010.9958286584804,27244,17074,55646,99964,Y
183,56,1097.4131021703083,14603,14060,8646,37309,N
9,30,2838.1069631782957,18028,22643,69373,110044,Y
45,19,2166.283368756079,16386,26968,59250,102604,Y
230,55,568.2497053540916,3850,5415,24063,33328,N
213,64,1449.3067970577656,4150,6766,2711,13627,N
21,22,2483.7549419324127,24977,22715,48942,96634,Y
197,48,1095.077930700255,12112,7101,24058,43271,N
44,28,2334.2438908169606,15153,22617,41524,79294,Y
122,38,851.5401611342188,5760,1240,60,7060,N
476,54,746.4020332391068,12418,11761,34020,58199,N
157,59,505.2538185583849,6667,2322,26212,35201,N
93,46,1450.2373538208026,12086,13808,20491,46385,N
15,36,2732.2248864095613,17708,26344,41750,85802,Y
423,45,1349.1956515653192,6609,13400,11918,31927,N
25,26,2944.0593396866134,23238,26551,77641,127430,Y
65,36,1499.353499565835,5913,7124,19541,32578,N
299,36,533.9459785857988,8820,7686,4232,20738,N
420,37,1471.0582451653677,13014,1500,6737,21251,N
272,59,554.882614646475,3042,4497,17850,25389,N
152,46,1150.1673504432283,3223,7138,35435,45796,N
237,63,1384.998356523281,13482,2983,31705,48170,N
22,29,2572.427759433466,27151,21640,55317,104108,Y
458,42,1125.891376437009,12303,8684,13737,34724,N
157,31,524.400781556538,3241,545,37114,40900,N
296,42,1028.9371340272119,13919,3810,30586,48315,N
38,31,2350.71181545171,28245,17032,48436,93713,Y
285,45,1373.6771141863387,9454,10616,37129,57199,N
29,24,2522.519191634523,25816,18760,42050,86626,Y
478,43,797.0028764548822,2033,6467,32913,41413,N
495,54,777.2656456967736,8173,14286,35400,57859,N
448,53,624.4375572968563,10426,10233,1828,22487,N
110,35,1482.3305150800816,7486,13613,29757,50856,N
382,63,667.0339460920752,14899,13059,15934,43892,N
359,39,546.945357147813,824,2265,17320,20409,N
290,32,1326.2056957939658,1796,8245,7214,17255,N
264,38,1427.7522831952128,1913,14064,26172,42149,N
428,64,1258.2384757040913,10301,7312,24578,42191,N
31,20,2224.4405718366606,22287,15892,50222,88401,Y
138,38,1394.9214412278398,1380,11873,17674,30927,N
154,32,772.959374856315,1218,5016,23265,29499,N
381,38,829.0513653698711,9752,9610,15585,34947,N
23,32,2005.082139818026,20370,18972,45295,84637,Y
25,35,2081.046215907648,26579,24903,43020,94502,Y
333,34,1491.4753351450481,5233,11303,9516,26052,N
273,58,1406.5137194445801,13634,1591,11303,26528,N
403,56,1364.4928803073485,1312,9477,20695,31484,N
196,45,1158.4518346584255,14688,14906,18088,47682,N
318,54,1430.0903505097385,12643,4286,3738,20667,N
471,36,1381.63713277035,556,9017,2808,12381,N
80,52,505.14517075471474,2719,6506,11700,20925,N
207,60,501.1201114801095,11521,8780,26588,46889,N
61,31,787.0381331749128,11309,9882,1136,22327,N
40,34,2115.8438567802577,22009,27987,77311,127307,Y
393,64,628.4487180931914,10706,14749,29257,54712,N
282,61,1340.1215027412188,1435,571,35150,37156,N
271,58,1288.8069818707443,7059,1887,7491,16437,N
268,46,1270.9842925321354,14736,8073,9077,31886,N
242,51,1120.915517767477,6353,2353,23821,32527,N
46,29,2749.6518317429245,20346,20043,75196,115585,Y
56,58,522.1235515289973,7813,14414,27570,49797,N
10,19,2273.626666281666,18356,23707,54288,96351,Y
148,42,1354.209774461566,3342,9078,35612,48032,N
206,40,720.7696127887604,11393,13998,13261,38652,N
133,51,631.3351264093781,3778,2896,28087,34761,N
141,58,1443.615920167599,13156,12218,34450,59824,N
490,34,1483.9776479598281,7424,12857,19982,40263,N
211,64,531.1340828845114,8984,791,26385,36160,N
320,45,1043.232805789958,5179,6573,5776,17528,N
28,38,2153.6580381611125,16050,28997,60017,105064,Y
248,32,1296.7978278640276,6059,8884,5655,20598,N
365,32,685.4588746766543,526,3224,11536,15286,N
431,49,930.3058948994627,5797,9208,5109,20114,N
166,31,1297.5591006371883,8586,13375,20172,42133,N
258,37,964.5985966358102,10205,13631,29009,52845,N
415,60,1221.887627926935,6154,5420,20581,32155,N
474,37,1224.285308126412,3762,13399,9768,26929,N
450,41,1486.6625932671463,5791,8783,29781,44355,N
141,49,846.0165676448396,9127,6047,6368,21542,N
338,42,582.5085344404213,6732,14451,15525,36708,N
38,31,2693.193940822681,27430,18041,40105,85576,Y
43,34,2951.549974355327,23508,21082,41925,86515,Y
8,23,2616.604581862474,25462,24631,73320,123413,Y
49,29,2870.9691237460856,24905,29171,43389,97465,Y
19,32,2814.825113746512,25246,15458,72975,113679,Y
3,23,2817.2977699624935,23601,15894,73282,112777,Y
176,43,581.6299820305895,7179,10326,1560,19065,N
350,48,1475.8652558191313,3427,4780,18311,26518,N
270,61,998.195716453139,3665,10181,39825,53671,N
260,51,832.314625355109,8503,2920,25658,37081,N
180,57,699.5424509291452,12322,12732,39004,64058,N
487,44,757.6828885112136,13643,12080,7005,32728,N
20,37,2628.764818205945,25971,24579,76221,126771,Y
69,53,1043.3005233632884,4703,6563,25849,37115,N
166,63,986.6689414247028,10817,10574,26017,47408,N
469,35,1155.0093388321086,13042,1394,21116,35552,N
11,20,2622.966583563483,26815,29356,59342,115513,Y
274,64,1276.0002070354294,10339,6895,12765,29999,N
136,43,1471.3950940416396,374,10532,4648,15554,N
367,43,1014.8173539296902,14296,3155,3814,21265,N
375,46,891.0815366517606,10232,8219,2113,20564,N
212,34,825.1900642246949,5543,4555,32419,42517,N
350,52,953.7895413836393,3466,3081,33397,39944,N
13,33,2519.773948556018,20897,26083,59816,106796,Y
306,34,748.7142725876299,13994,7115,23040,44149,N
362,49,879.3585899224238,3178,6052,6116,15346,N
253,57,1364.2161776741689,1925,619,17658,20202,N
494,49,769.7496115169896,968,14846,25892,41706,N
69,55,539.3435406685096,6262,1058,20677,27997,N
294,34,603.3089571240157,1229,9227,35057,45513,N
265,63,823.1306570702786,12060,9400,15398,36858,N
272,52,1166.8642575461045,12115,6294,22911,41320,N
175,45,1439.8197919268418,891,4470,10225,15586,N
390,30,1230.8294748708763,6812,7519,13669,28000,N
54,51,755.3065247284319,14646,5238,15577,35461,N
476,39,517.5159908620623,12241,7705,36487,56433,N
352,41,613.109819076573,4440,4909,30659,40008,N
32,18,2215.6751523977173,29287,28965,59508,117760,Y
353,34,1077.185236711748,8125,3291,4033,15449,N
241,35,818.1115536181195,11424,7848,21592,40864,N
225,42,1282.3854840582735,14924,3230,488,18642,N
373,63,904.140321651033,12781,1667,26213,40661,N
68,35,1401.3756495884443,14732,1000,25426,41158,N
414,40,875.6722518817264,8189,9013,26200,43402,N
262,44,1130.2087483291443,12281,4806,34958,52045,N
454,48,888.5581012703458,5592,1440,8927,15959,N
340,55,1087.061707701151,11207,7117,25537,43861,N
479,38,879.7857801792297,12057,6471,35631,54159,N
499,35,1414.23651595147,1177,4760,32779,38716,N
182,63,1026.6237972689596,11214,11563,8234,31011,N
47,23,2746.8757161358226,25603,28178,79338,133119,Y
70,52,930.8620915380334,4431,10030,27764,42225,N
173,44,743.4822965762993,8906,4146,13076,26128,N
190,51,694.558323185301,13645,6012,7151,26808,N
422,56,1429.6058774219891,13467,14626,12289,40382,N
482,42,913.5491015253515,11608,4445,34054,50107,N
400,39,1299.7810954240217,14494,3654,23486,41634,N
361,49,983.5456467199247,1798,10037,21675,33510,N
44,27,2112.304344411219,21284,22285,74068,117637,Y
21,26,2793.743850380516,29094,15009,50617,94720,Y
170,37,1269.944700251679,1072,3225,34084,38381,N
117,53,1322.6143185136784,7227,3273,23384,33884,N
17,36,2623.859324676573,18040,24654,66160,108854,Y
157,63,972.8919656331822,14996,8853,11695,35544,N
36,32,2230.24616842787,22622,22327,66122,111071,Y
9,26,2390.905995905515,21652,23632,47421,92705,Y
458,31,774.5402540001254,4358,11921,28482,44761,N
91,40,1491.2559937021883,12987,2349,38467,53803,N
267,61,774.1606665598058,5101,12323,7843,25267,N
436,38,823.3715621155208,10106,5189,2472,17767,N
245,42,1019.0597909082703,3713,5051,10756,19520,N
43,38,2271.147436500185,16735,24777,48258,89770,Y
349,32,690.3248628190678,5249,10966,19201,35416,N
151,46,1495.4804907042571,9686,14109,32007,55802,N
199,34,675.3029423576596,10526,3374,25592,39492,N
15,27,2096.6764496467194,15632,25294,43083,84009,Y
16,33,2664.911724487218,22123,25754,74447,122324,Y
79,52,899.3159158093081,12917,9732,18752,41401,N
170,59,1020.9579772720422,4037,6549,26342,36928,N
337,62,1108.4864126597913,10699,9715,19169,39583,N
191,62,727.3573000960988,9793,2408,35585,47786,N
298,38,1009.7242467516982,13122,5299,18073,36494,N
245,47,1015.6794276964978,1442,8597,10382,20421,N
391,41,1430.5952146439163,12329,10917,25169,48415,N
478,64,1174.3038064090483,12265,13981,7629,33875,N
183,32,1290.0304363070613,13235,7693,8264,29192,N
448,50,522.8938249761203,7002,4225,7373,18600,N
325,47,1140.9720773453319,5656,10177,8984,24817,N
32,21,2606.3709444333754,24325,29671,77685,131681,Y
287,32,1452.7975276012944,7045,1048,5772,13865,N
33,25,2478.2340230480722,15963,15536,71822,103321,Y
117,41,1465.82216115322,11871,12379,11916,36166,N
80,43,1376.1051925980425,3036,5947,35262,44245,N
439,61,716.0381825095997,4349,11393,37947,53689,N
200,48,886.4608411591471,13828,10145,31497,55470,N
394,31,984.6015870188646,689,13564,26526,40779,N
105,44,1483.6789252634135,10322,12168,29794,52284,N
198,38,1282.6960407441493,11757,9074,6406,27237,N
129,45,562.2917981300627,14083,1638,23312,39033,N
36,24,2220.802629785639,18292,24011,73187,115490,Y
37,24,2724.317469676661,24700,22870,45693,93263,Y
34,24,2525.50462196864,26221,16549,71174,113944,Y
278,51,1463.822275482351,13494,4481,24282,42257,N
20,39,2790.3377358601483,25900,21793,64022,111715,Y
363,34,715.2018720172375,6356,10201,24817,41374,N
44,38,2198.856277775296,29308,19268,40671,89247,Y
35,34,2109.7361986775036,19795,25634,44798,90227,Y
454,55,627.1997626874496,8737,13875,37487,60099,N
301,47,976.0181293687665,14056,11996,26035,52087,N
462,50,1456.2221906489483,2672,4200,30911,37783,N
16,26,2942.831141413262,15571,18631,46172,80374,Y
146,39,1430.3188848378236,12287,8123,25364,45774,N
27,28,2495.4521034609816,15775,27218,63253,106246,Y
7,34,2613.933584760062,22099,18926,65431,106456,Y
222,48,605.6934799062741,7083,14784,22614,44481,N
36,25,2041.6729006023843,26768,27374,76224,130366,Y
158,53,605.367533952806,11280,1668,16531,29479,N
326,60,796.5355812876553,9866,4531,38098,52495,N
440,57,854.8413602568903,10681,13572,39261,63514,N
401,37,765.046428325004,9765,11886,13279,34930,N
417,57,1398.9008240062353,11911,3839,35144,50894,N
499,44,705.6872621955551,11824,1827,32125,45776,N
373,43,569.2543062858599,12504,8569,20669,41742,N
304,39,1298.7141916545747,8843,5978,21991,36812,N
1,39,2486.01550297754,21303,29686,43983,94972,Y
337,61,1156.4786073315026,8714,521,23953,33188,N
232,38,872.1670238375134,5946,4941,39896,50783,N
49,39,2273.7913075141064,29291,29036,51435,109762,Y
337,50,785.9067892391602,9759,5341,10736,25836,N
317,47,1136.070763729825,7165,10900,15997,34062,N
441,36,680.5945981753009,9951,14538,28927,53416,N
135,51,1484.6697395245083,10773,7003,28444,46220,N
318,47,607.9437146464643,12500,4558,24858,41916,N
99,60,988.3941300649396,13718,4183,29739,47640,N
327,62,1008.36054691628,8894,1653,18450,28997,N
72,58,593.7569206455566,6251,9496,36068,51815,N
46,25,2461.5574744197897,18727,21272,65860,105859,Y
52,30,777.9020972488679,13794,5343,29545,48682,N
403,54,1055.084949302286,3967,6445,14566,24978,N
268,56,1187.884109879915,2159,5132,19363,26654,N
21,27,2760.990760028094,25805,18083,66832,110720,Y
13,31,2749.5454844688884,22604,22544,55379,100527,Y
124,45,648.8880503324447,5110,5189,12087,22386,N
18,22,2124.7140569113903,24596,20251,58313,103160,Y
73,64,637.8228991592354,7909,5588,13109,26606,N
408,50,529.0713803439537,5891,12475,33848,52214,N
478,49,902.327124686556,10822,2563,36060,49445,N
13,20,2064.853594482968,19431,21841,69750,111022,Y
437,53,1176.4679372263622,593,14226,28731,43550,N
18,34,2636.490651049154,21354,27693,40541,89588,Y
363,60,1325.1306676661152,10258,8623,16044,34925,N
277,59,828.1927536093115,9398,10720,33937,54055,N
368,57,1235.6631142391898,13258,1019,21621,35898,N
44,18,2421.248053294072,16283,15659,70447,102389,Y
96,56,1185.9112710498637,13870,2125,14472,30467,N
139,45,702.9363675749022,8691,13884,8329,30904,N
99,32,526.1967085320648,11888,10077,6397,28362,N
167,35,1018.0787662388154,1900,2610,23284,27794,N
452,64,929.6568127389351,12868,13660,7999,34527,N
470,49,1302.6433097957104,8895,6404,26201,41500,N
309,64,936.8507026151796,3384,10851,13493,27728,N
223,60,1422.6230580877896,13272,12835,23252,49359,N
463,53,557.0547211512543,10653,9557,9435,29645,N
6,20,2275.6123386789454,23461,15631,72591,111683,Y
15,39,2428.8868788610384,22896,15204,70508,108608,Y
277,49,1119.6994401994157,874,5560,15892,22326,N
245,62,1271.8577261816213,11333,14974,14289,40596,N
209,40,1463.3944342135505,11918,9135,39110,60163,N
454,55,918.7933190741614,13183,6285,5432,24900,N
214,50,756.5300624442477,3670,1753,31703,37126,N
354,48,808.6987433731953,13140,12671,16376,42187,N
494,62,651.2468287349345,7875,9086,23017,39978,N
376,51,1061.222788282525,12880,9879,32316,55075,N
110,63,903.9778763265483,2090,13992,21008,37090,N
147,35,726.1470515899407,10849,3648,13140,27637,N
54,31,1164.1879145054172,13368,3137,97,16602,N
193,51,790.5875598063551,8174,8103,30651,46928,N
108,39,1478.0618179735284,10482,1854,10800,23136,N
497,61,758.6208348880388,12819,9369,9283,31471,N
415,51,517.9456785684919,10983,14548,30798,56329,N
263,57,755.4933446556047,7548,11240,6823,25611,N
27,34,2027.1674212255598,20879,28565,60354,109798,Y
93,62,890.7283656136133,2274,4869,26390,33533,N
138,48,941.0721582507838,13066,2551,6411,22028,N
9,25,2287.1379580845755,15475,20416,50403,86294,Y
36,38,2312.3491018855134,20000,19654,62447,102101,Y
45,25,2520.1905232515546,21971,27755,59909,109635,Y
317,31,816.7616770675266,6530,11116,258,17904,N
332,62,1098.1126293690181,5110,7167,33380,45657,N
465,33,1298.5932723827514,6509,9973,5906,22388,N
81,38,1303.6035354415353,12150,7183,25150,44483,N
158,50,1225.1855480273907,7329,1283,33691,42303,N
151,60,1156.1340180205807,3711,8004,9752,21467,N
180,62,529.3641591023924,10131,13217,24217,47565,N
4,20,2187.4119440975824,15264,24587,70129,109980,Y
183,48,1259.5824101146318,7544,13706,21953,43203,N
480,38,857.7982653254418,13537,13269,9346,36152,N
125,57,1025.434912545693,4079,3348,20215,27642,N
267,62,739.8741127559447,1715,10785,6450,18950,N
46,35,2748.8263369633064,22096,17326,51439,90861,Y
433,51,1238.069123338517,6763,1674,11101,19538,N
320,56,1134.142138295737,8915,11132,22433,42480,N
115,64,1186.3271966860975,155,9262,1958,11375,N
250,49,727.1795570235149,5063,3830,25215,34108,N
240,32,1194.150573509831,6040,14126,37396,57562,N
276,43,1403.607844346795,7568,4646,33160,45374,N
404,42,1398.8473881802474,1138,12000,21125,34263,N
26,19,2447.0555438064252,17597,15141,42659,75397,Y
7,20,2412.761129266026,21142,27109,62010,110261,Y
133,54,921.4440415792474,12557,4249,34518,51324,N
199,48,1472.7763228920858,2946,9641,21778,34365,N
250,57,518.0065556004545,11981,7230,11002,30213,N
173,48,1372.753839566128,4493,9335,34228,48056,N
35,25,2263.3157837532,15264,25559,46816,87639,Y
425,54,1324.5348080870322,13108,1762,11240,26110,N
13,26,2048.1428359783536,23259,15987,54849,94095,Y
410,51,1392.3024981396522,3198,5374,21174,29746,N
65,58,1338.1521835519243,2479,9885,778,13142,N
45,35,2573.349345635218,15660,16348,53615,85623,Y
325,32,988.3746289829387,7156,2044,7368,16568,N
8,21,2868.551506320289,19577,15727,63852,99156,Y
392,41,1410.6765794351395,6317,14894,26649,47860,N
357,58,670.58191155709,14868,7986,30483,53337,N
206,33,1176.4263623383922,10587,14875,33539,59001,N
21,29,2487.6670686212647,26093,28803,40193,95089,Y
211,56,1243.5939161765598,9984,9302,20389,39675,N
311,51,754.3915808418469,10128,6716,21259,38103,N
5,25,2238.8566604019275,27649,22616,50332,100597,Y
158,64,696.0977127383929,5410,1455,30519,37384,N
48,30,2537.0074883513585,25288,16325,57543,99156,Y
42,37,2108.0257541306914,19697,29118,56724,105539,Y
294,38,1316.6821754507182,4912,4648,33623,43183,N
20,36,2879.86267736116,15182,18112,62054,95348,Y
446,40,544.8535680235686,5002,1356,8210,14568,N
381,37,1407.611002556555,6132,9324,6588,22044,N
47,18,2823.7903842212945,21246,15987,43321,80554,Y
57,54,1136.401370183407,13654,3741,35820,53215,N
46,34,2603.7954529493877,21993,28969,44033,94995,Y
3,18,2456.236508955542,15593,29820,72402,117815,Y
46,25,2751.1780478084183,18808,15331,64306,98445,Y
192,31,1168.5726467229142,4200,201,34610,39011,N
380,42,510.13118402774336,12497,4658,11381,28536,N
8,24,2873.6985934663453,18155,25693,51777,95625,Y
142,32,1033.967472547764,6439,6401,13392,26232,N
474,41,795.0407076541562,1856,7980,1998,11834,N
25,22,2123.003295123746,27336,24342,79832,131510,Y
22,23,2845.604362989907,28749,16130,75426,120305,Y
478,38,806.3134987782128,11897,13341,36027,61265,N
43,19,2384.2396201373813,17242,28467,79758,125467,Y
40,25,2889.6520330175663,25233,16141,58019,99393,Y
429,62,1025.8125988733236,3361,6583,11172,21116,N
56,33,544.7784505046682,4928,11456,18990,35374,N
19,36,2025.447759905751,22611,15913,42011,80535,Y
468,60,1291.7202592613464,14730,13104,11120,38954,N
343,34,1031.0853448852429,11951,3699,26039,41689,N
11,23,2454.0016211961147,20744,16900,79748,117392,Y
29,20,2964.0174071177025,22939,22833,47597,93369,Y
412,56,660.0249364631941,10033,2309,14138,26480,N
14,38,2289.2447719726547,21628,17169,58556,97353,Y
86,64,1388.4036723086813,14019,785,6139,20943,N
8,34,2088.201703789871,19154,29766,54973,103893,Y
450,61,840.3871042545056,12355,11332,3236,26923,N
354,42,1041.704812410004,4916,5498,10582,20996,N
484,32,802.3332493514938,1439,11372,4857,17668,N
390,50,1466.4173858664074,358,4931,9714,15003,N
0,20,2150.5214916634136,25378,28283,79420,133081,Y
322,64,1380.314762148927,2151,9429,39673,51253,N
324,50,647.9841473658348,14852,8848,35428,59128,N
213,48,632.3723790349725,3162,1140,24842,29144,N
359,41,537.9815632898535,12021,6538,26086,44645,N
54,46,1180.7558929604857,1960,557,29689,32206,N
61,35,648.7959694051157,10386,4761,38635,53782,N
357,61,991.931100105729,12982,7929,38115,59026,N
37,28,2203.223091086087,28527,17454,60878,106859,Y
460,40,1418.7347106063773,6642,3825,36304,46771,N
228,43,955.9792757599369,4699,1970,22190,28859,N
288,33,1306.589342326277,4258,3119,34631,42008,N
165,46,1140.1983115596238,3935,13127,14482,31544,N
112,32,948.3190553694221,13324,9134,24045,46503,N
238,60,1234.0297625893063,1137,10719,36188,48044,N
263,32,1192.532431537108,5929,10559,12413,28901,N
326,45,1319.7978049847275,11944,3735,15906,31585,N
233,59,1457.4480190380962,7470,11426,12306,31202,N
419,37,1494.648641559998,11751,11590,10886,34227,N
116,30,841.7824047367617,9764,6144,20620,36528,N
39,25,2768.922782107641,22295,23392,51390,97077,Y
306,64,1113.6041142374584,3175,11798,11528,26501,N
339,43,907.5430310324309,8605,2014,1381,12000,N
124,64,1049.1303362771728,9101,187,10207,19495,N
339,48,1022.5765993367452,5647,5185,15271,26103,N
194,63,1294.5155444907487,7823,7355,39233,54411,N
1,30,2666.8544210142677,29238,17555,42951,89744,Y
22,31,2152.3295894645353,20686,24242,76469,121397,Y
270,30,1048.9804494416417,5789,436,35596,41821,N
70,48,857.8140841135489,7480,9496,30750,47726,N
386,52,1366.9334683518837,7241,7651,1589,16481,N
101,49,1182.6172212234023,6555,9203,8244,24002,N
457,44,1052.5009674078892,6846,2307,33996,43149,N
108,52,1220.6551452831131,9227,11894,38814,59935,N
339,47,1323.7780901011652,13386,7016,14027,34429,N
48,32,2102.7482524524235,24456,22161,71897,118514,Y
17,39,2706.9764874557163,26606,28399,54087,109092,Y
474,35,746.8238692019022,9080,5951,5276,20307,N
205,40,1326.7146599310183,5738,4232,5793,15763,N
477,33,1288.9324717760073,9010,10380,25682,45072,N
48,23,2377.318053963193,21091,26684,72441,120216,Y
267,58,887.6488054556471,10202,11992,23478,45672,N
443,52,754.2313837486956,234,13412,24427,38073,N
60,46,1176.108231414411,4888,9821,5832,20541,N
70,49,1281.8238633449355,13963,1316,17508,32787,N
353,57,1365.8201652223552,1378,3374,1519,6271,N
195,43,1270.7806182638797,4968,9083,38342,52393,N
40,30,2416.504431903879,23588,28411,66654,118653,Y
435,45,871.1616147857419,3237,13770,34773,51780,N
149,52,1107.7521222527225,8353,3976,18135,30464,N
313,36,625.7242689922263,7170,13339,19604,40113,N
77,30,1390.2150026361744,11515,234,14562,26311,N
62,39,1043.8057278662372,7982,2100,28172,38254,N
36,23,2337.345546769093,25197,23016,79779,127992,Y
447,39,531.4218215112729,8578,2158,34832,45568,N
317,53,1224.8564993150171,14744,8931,1401,25076,N
237,55,1177.5422674589531,3923,4214,19611,27748,N
321,46,1021.296047654139,2745,6091,3866,12702,N
230,59,867.7336508051098,13732,11654,20447,45833,N
273,54,1273.1418739186715,4025,2566,20093,26684,N
11,33,2568.0925123378674,21516,19579,60936,102031,Y
31,28,2829.7631202876446,26222,26767,53767,106756,Y
94,51,652.3277856626788,12903,8386,28572,49861,N
206,63,1103.2918057149432,3276,1102,38011,42389,N
477,55,1082.2087597682312,5223,8584,33398,47205,N
4,37,2544.482332800263,27063,21683,56616,105362,Y
16,29,2619.734571433089,26704,15025,71226,112955,Y
350,48,646.9627095882097,3764,6599,13379,23742,N
400,57,1142.8189148001743,1072,6707,32983,40762,N
487,60,1207.7213502675274,3313,11033,16241,30587,N
54,49,1130.9217902291634,14794,2295,34464,51553,N
49,23,2529.65972394562,29350,17783,76412,123545,Y
171,50,1462.3102029877841,7557,11837,19029,38423,N
17,31,2546.577142032295,16932,26486,41757,85175,Y
52,59,1363.96158073501,10759,11691,492,22942,N
284,62,636.9990630536713,6474,10572,13979,31025,N
119,45,1136.5386467533544,9467,14895,30527,54889,N
236,55,1022.5397167320532,5451,5258,39954,50663,N
360,47,1481.1778367622946,9475,619,33650,43744,N
334,63,1198.3111572275727,14122,8436,2895,25453,N
499,63,1257.3102071344388,3212,2409,8199,13820,N
29,21,2247.340315819083,21976,22594,61542,106112,Y
16,37,2565.085312452756,20973,21236,67691,109900,Y
186,39,1284.4208580034176,8155,3583,15515,27253,N
475,50,722.0758706933206,14075,4967,18753,37795,N
7,33,2095.3992773132104,25852,26128,77212,129192,Y
2,29,2662.434011701068,27297,17787,63816,108900,Y
487,56,1454.846993038468,2176,3743,27228,33147,N
6,34,2635.4436456595226,17451,15628,43696,76775,Y
408,56,775.5479392194834,4369,12972,4956,22297,N
230,56,915.6038959073355,3008,2161,15417,20586,N
203,49,601.8036829495369,13577,12602,9256,35435,N
154,34,536.0188182914264,5520,10593,34540,50653,N
40,21,2581.6222929891937,27938,17871,62626,108435,Y
125,55,1339.6596557087903,1132,699,14534,16365,N
46,24,2845.8495504599678,22812,27692,44557,95061,Y
181,52,976.3357333010988,1422,10867,35948,48237,N
270,37,686.135897753348,11410,12399,16998,40807,N
95,57,1136.0424687799682,4570,14201,16654,35425,N
470,30,909.4120718170184,11546,12327,14270,38143,N
238,63,1273.906221770665,10775,12265,19459,42499,N
2,19,2875.883083517057,21614,18252,47415,87281,Y
165,52,1431.0099708853,4958,8445,37044,50447,N
367,35,554.6344200009723,9865,10919,22918,43702,N
152,50,803.9425122550274,5634,8575,38578,52787,N
391,33,1466.8454997992853,3109,4082,30206,37397,N
469,34,1259.0689392583758,1849,8497,35517,45863,N
406,54,752.8136060892006,205,7352,20975,28532,N
428,45,1254.2482596820807,12500,8501,2708,23709,N
290,45,578.4558163171239,10014,3273,37306,50593,N
211,38,768.8467424528433,3551,12297,27128,42976,N
322,33,1449.2086268705123,13422,152,11156,24730,N
406,30,1208.4896974927974,2610,12067,33872,48549,N
40,19,2697.2093819096367,22263,26686,41914,90863,Y
247,30,622.0304943218487,13689,166,33276,47131,N
175,46,530.8579043080724,680,2524,18504,21708,N
12,23,2335.6104542698426,24523,17292,41538,83353,Y
16,34,2727.0567616153903,15174,25348,74998,115520,Y
241,30,811.9840203264184,9689,12046,19555,41290,N
31,21,2384.355038524135,19946,23234,74675,117855,Y
468,43,1203.699779629051,1293,4769,37564,43626,N
296,33,1058.980634099774,2972,3922,4997,11891,N
426,62,1467.0352752561462,10578,2240,39194,52012,N
385,35,618.4923587684005,1855,8125,13794,23774,N
196,41,726.7273823299632,1481,7256,3731,12468,N
144,33,1125.0291860852058,9729,3093,17266,30088,N
362,37,750.467898792499,8566,12738,11889,33193,N
15,36,2627.993382604098,19595,19559,56199,95353,Y
173,62,1048.858665077356,3197,10570,26500,40267,N
26,29,2621.2924490496102,18168,23708,50808,92684,Y
461,43,1105.5047666158766,887,3104,30013,34004,N
49,33,2333.4625935960103,19821,21340,66049,107210,Y
96,33,1482.0495370159624,13395,3765,15950,33110,N
264,43,1280.9958936149915,8319,5941,37623,51883,N
453,58,825.2539059245519,2761,4456,29240,36457,N
441,55,950.116526474811,201,6160,10561,16922,N
5,22,2978.9575070411042,27968,16988,54256,99212,Y
26,34,2397.6123785528707,22162,25626,62625,110413,Y
394,64,768.5337560676073,5755,10825,22693,39273,N
71,55,1103.637200559375,11558,12506,29340,53404,N
46,23,2068.334104845604,17600,28237,69267,115104,Y
416,31,767.4020278575413,2849,13445,34510,50804,N
26,27,2450.6864749389133,22519,27847,76963,127329,Y
108,31,1366.0956336116915,9280,2642,14296,26218,N
9,38,2944.7362587830794,19757,17994,74039,111790,Y
327,63,873.5548010476818,6124,8475,37164,51763,N
117,36,753.1015391796087,7331,82,1920,9333,N
187,38,1339.8016066644268,12905,7071,24351,44327,N
311,46,998.040393056869,1818,2101,12977,16896,N
34,37,2748.3843496762315,22294,28720,69038,120052,Y
14,21,2434.4033190066098,23264,23089,42962,89315,Y
297,57,1113.291684887379,2424,9256,10409,22089,N
483,49,704.0246657385787,10278,8560,1134,19972,N
31,37,2013.7455540113453,20694,25976,62520,109190,Y
415,34,577.1451685395818,4897,14631,10442,29970,N
110,32,715.3443813825527,1184,4426,1551,7161,N
387,59,1451.4907101767872,9865,1361,26149,37375,N
176,48,993.5009921544082,10558,14924,10626,36108,N
9,23,2742.881493667939,25103,15602,70471,111176,Y
228,46,1420.7666084633574,12677,7786,8024,28487,N
38,34,2865.193347397811,17912,24909,67172,109993,Y
186,47,1287.387026752333,2817,8636,20025,31478,N
412,44,564.0063466086209,8033,62,10751,18846,N
188,42,801.0460778343131,12543,8326,36412,57281,N
412,53,1427.1106288584274,3278,7296,25398,35972,N
52,43,511.4924732981153,8312,7552,1637,17501,N
87,50,660.4626142712265,644,2032,35529,38205,N
397,50,1246.776639533718,2668,14638,15954,33260,N
340,33,789.1874462959498,195,2187,11707,14089,N
332,52,754.8822489148823,60,11582,26489,38131,N
23,30,2307.795831680746,17591,23758,66147,107496,Y
45,27,2373.5201768996876,27601,17854,51087,96542,Y
146,50,1403.5584434325303,1029,10348,18978,30355,N
38,39,2521.5993960113583,25500,15086,50704,91290,Y
125,52,961.8434812751103,14749,6968,27518,49235,N
263,38,660.3654061197432,1700,11862,35468,49030,N
31,31,2384.803617221103,16647,21038,45520,83205,Y
296,50,1218.7396178535303,8837,14955,13917,37709,N
199,62,845.2299536699725,4733,14570,31135,50438,N
475,43,621.4953910877654,14318,11259,24690,50267,N
469,63,1019.2245707802051,11803,7178,26829,45810,N
38,32,2391.0328691273985,15146,29453,43453,88052,Y
461,53,1116.300485925724,5628,8328,15534,29490,N
338,62,1040.9050038380808,14665,14247,37865,66777,N
498,58,1000.112752076627,5618,4236,1920,11774,N
467,58,1032.504066415982,204,10799,5552,16555,N
294,58,939.0955652508285,4951,6160,15810,26921,N
56,30,518.1240410457298,12816,6314,32130,51260,N
14,38,2221.9004607843726,28691,24359,76661,129711,Y
27,26,2535.656599347579,18904,22260,73272,114436,Y
21,33,2203.4364751360913,24579,26186,46773,97538,Y
282,36,951.294113029255,4434,658,37825,42917,N
474,44,966.3097561401701,3764,11181,37405,52350,N
106,47,1401.7740285462287,2607,8385,11999,22991,N
185,51,979.2600899145375,10990,6328,38759,56077,N
35,32,2066.5647279142227,26064,26312,77548,129924,Y
131,31,1013.3682102249155,8181,2382,22463,33026,N
270,58,946.3868902631948,2,14005,8397,22404,N
369,33,964.2385197392249,6003,2890,27769,36662,N
156,61,508.3636818768571,3306,897,9277,13480,N
48,26,2005.313475668346,22291,16505,53006,91802,Y
47,21,2766.5150495325847,15249,21457,74660,111366,Y
417,61,1018.0080664046249,3792,11618,24255,39665,N
93,58,886.6201726338343,3163,9480,35710,48353,N
269,35,1249.9777984520708,10640,11663,10966,33269,N
436,50,1154.1327370278736,8995,489,22260,31744,N
21,27,2306.90451319457,18516,18340,79178,116034,Y
15,25,2588.5049351589887,20944,22404,73722,117070,Y
435,59,1368.6396398234256,8841,10539,36046,55426,N
385,46,1084.6680901658247,11441,6539,33625,51605,N
22,35,2958.49783566774,28680,15383,68453,112516,Y
288,32,1439.0684794502918,11485,6204,13440,31129,N
222,61,690.9265850716436,922,2915,27526,31363,N
327,39,1161.9689447938686,9166,1230,24031,34427,N
328,35,1286.7083407073092,3940,6483,203,10626,N
210,57,717.2308864530108,3748,6718,1093,11559,N
430,50,1388.4641099229207,5710,9732,19259,34701,N
169,35,928.9849318408905,365,14010,16103,30478,N
304,58,936.419598729593,4172,12517,32001,48690,N
7,28,2812.713619893062,19988,27031,78437,125456,Y
225,56,1498.8926120332906,8490,956,9306,18752,N
31,27,2005.7185813607894,22002,28986,68302,119290,Y
449,42,630.080669828947,13299,10698,4594,28591,N
10,33,2312.196368217604,29933,15165,73687,118785,Y
49,34,2762.30262450096,21047,29542,76607,127196,Y
284,64,1438.413743858144,4804,11388,30857,47049,N
18,21,2990.679157065766,19478,23210,50922,93610,Y
499,39,638.4354933293944,7832,5395,18642,31869,N
392,53,879.127658375647,13281,6838,3262,23381,N
364,34,1495.6311094988835,2827,13873,14211,30911,N
295,49,1439.9317919698224,9229,14026,28554,51809,N
238,47,862.4313226158291,6837,14033,7031,27901,N
124,50,1131.6435150828916,3414,1448,570,5432,N
394,39,1054.6877097800862,13120,6982,39104,59206,N
192,41,542.3422787723838,12017,7086,21133,40236,N
49,37,2685.395343446006,27192,23566,47226,97984,Y
42,32,2838.1549749886426,16141,19627,42690,78458,Y
205,55,901.88719989073,3020,1857,25380,30257,N
482,31,1421.3075122129753,9802,8135,22439,40376,N
348,51,1202.640205858229,13340,12583,23513,49436,N
463,46,1106.846955540139,12915,6582,25517,45014,N
42,24,2501.5756999179484,24146,16262,62615,103023,Y
8,20,2200.5529778452665,25020,16257,56848,98125,Y
288,60,1473.382619164821,7431,1230,27230,35891,N
422,59,627.9369245117832,14715,13620,5750,34085,N
317,46,1352.5474212459703,9116,6034,34314,49464,N
147,36,710.7931015500286,14113,8954,26899,49966,N
99,53,600.978106817761,12851,13070,19539,45460,N
436,37,939.7404865079086,10295,1942,24685,36922,N
241,37,719.7067903914004,6711,9275,17033,33019,N
38,34,2353.696686580734,16036,19131,51349,86516,Y
53,60,1276.803332139888,12453,2430,18263,33146,N
432,52,598.5829270224124,12318,7542,34779,54639,N
351,61,655.9808636989331,14527,12773,34057,61357,N
473,53,1123.9984855289824,3183,14139,38230,55552,N
194,30,959.584057213623,9182,7657,37688,54527,N
488,63,958.431424131438,5208,687,28018,33913,N
473,46,1362.2029736581887,9486,6094,21158,36738,N
12,34,2765.160328816766,19135,29995,68378,117508,Y
131,42,1241.6414518360423,446,3915,17618,21979,N
6,20,2799.7179136187196,26151,20558,72954,119663,Y
394,61,626.0020278639943,1932,11116,2032,15080,N
278,35,1067.7273179310546,13304,14523,1881,29708,N
319,60,902.7758332328999,6139,1574,1695,9408,N
37,23,2854.7034500931977,15052,24949,63963,103964,Y
2,30,2406.5567838081042,15719,23597,46855,86171,Y
296,37,871.1695160195313,10245,9421,26143,45809,N
34,27,2367.3907286970707,15698,22243,69872,107813,Y
364,60,1073.2231944495916,12100,7869,19800,39769,N
176,60,718.2075345521722,11001,13907,19942,44850,N
432,51,1251.6761720229192,10878,2985,32369,46232,N
482,49,876.5302877892983,336,10165,19363,29864,N
434,44,699.5053149296084,3129,5447,38897,47473,N
268,52,791.4609134937939,9991,314,11737,22042,N
46,30,2468.06905423429,24712,23347,45592,93651,Y
15,19,2760.424311682472,22678,24104,40870,87652,Y
12,35,2397.865703017427,16117,26601,75596,118314,Y
220,50,1262.893335554364,1647,13878,39760,55285,N
473,48,1115.1291405411998,13512,2761,36203,52476,N
30,38,2050.243009822982,29003,22069,41848,92920,Y
357,38,1339.1803949802986,3072,9259,35554,47885,N
380,63,715.500758867551,3871,1806,17888,23565,N
286,43,1414.9658650779686,11143,8263,18074,37480,N
11,18,2610.770730685039,18113,24074,68810,110997,Y
152,60,1272.771419665079,10655,10745,9940,31340,N
20,25,2929.1447172116873,19485,27629,53233,100347,Y
151,37,1275.2440518349492,4322,13682,26762,44766,N
393,50,1461.492324574112,9278,12391,34642,56311,N
408,57,1097.2924203534694,9221,11410,14519,35150,N
77,31,1119.6159269449222,12580,7538,32323,52441,N
263,55,1412.9310047746899,11939,2105,29964,44008,N
357,61,1043.0214308667641,1251,5366,27323,33940,N
132,64,642.2552397768154,14007,14330,4891,33228,N
434,47,1491.6960733724518,10848,10686,13255,34789,N
257,33,698.4910746053491,9114,12424,16567,38105,N
125,60,650.4722710059975,6797,10988,31521,49306,N
116,53,970.9602524347335,11241,1096,9497,21834,N
453,39,677.1925010111911,4247,9220,21698,35165,N
491,56,555.6055216804606,270,1186,12392,13848,N
43,32,2402.406259299312,17398,27721,79763,124882,Y
189,52,795.0723492643094,9903,2230,6511,18644,N
178,54,1229.7119064974222,3970,7545,28820,40335,N
389,51,673.3430529752809,2044,11744,38652,52440,N
192,44,933.8439228552443,9175,9080,16260,34515,N
119,52,1158.661354939767,8721,12948,13026,34695,N
263,52,1199.6899090587085,11815,7409,10377,29601,N
24,37,2010.8110836351964,21646,19298,44668,85612,Y
4,30,2075.661103904111,29884,29391,60922,120197,Y
286,58,726.2752508165999,13882,10991,30209,55082,N
498,59,1363.4657303414633,6251,4939,4006,15196,N
139,42,1067.9742973160805,6078,13247,30140,49465,N
430,57,1483.567206513663,2504,8806,31417,42727,N
233,63,550.3495269693533,1587,7000,21031,29618,N
150,30,752.8581182501111,11454,6837,34217,52508,N
454,44,1320.6961607667793,8869,10850,18412,38131,N
15,25,2158.3039001056145,20904,19624,48848,89376,Y
37,34,2358.3346566716737,19524,17821,46509,83854,Y
63,37,1308.4057388936908,3580,7962,9968,21510,N
464,64,516.7563044923825,13269,14905,406,28580,N
24,19,2032.659060784496,26268,15985,51795,94048,Y
439,35,1154.1601542860985,13041,6289,9603,28933,N
16,31,2844.8623274896327,26142,29719,69227,125088,Y
424,44,1112.7958355365104,7658,1003,27042,35703,N
386,64,854.6662049850829,1635,9890,10283,21808,N
409,53,1111.8310201032214,12432,11590,37952,61974,N
404,61,1250.0284121421912,12229,9343,10637,32209,N
36,33,2216.9562458638793,29333,18907,73575,121815,Y
15,33,2041.9152167162574,19524,24499,45313,89336,Y
30,20,2231.380636376848,19887,18854,54536,93277,Y
94,31,1386.181772129345,3575,9067,35186,47828,N
38,27,2316.5867599086514,22119,19066,59229,100414,Y
279,47,543.0524027156686,10972,422,23099,34493,N
147,52,1332.9297155742279,8069,10167,1657,19893,N
157,33,1268.1281783808822,2053,8479,38505,49037,N
195,44,984.0205725094041,607,4552,9417,14576,N
261,35,825.2111962762112,3962,12734,3722,20418,N
348,46,1196.6951114367484,5054,9667,33576,48297,N
18,22,2857.1916570595886,25693,26554,57600,109847,Y
199,40,954.4031544799528,5634,13704,2123,21461,N
136,43,1188.0455570741287,14448,14586,31976,61010,N
378,52,565.6921164896593,124,3246,13380,16750,N
96,52,917.1934185645764,2971,2017,31980,36968,N
297,54,1297.211072578763,3561,9208,28141,40910,N
363,59,600.2455637228766,10152,1048,25933,37133,N
34,37,2335.6232729779117,24993,25338,78346,128677,Y
60,50,1334.9472056944037,4780,11142,31222,47144,N
258,31,1426.4637979561849,13097,9169,38965,61231,N
380,45,1073.9498660690106,1553,12770,8378,22701,N
395,45,511.30253658902245,13675,4586,25006,43267,N
288,41,864.1127750104995,14211,5877,39553,59641,N
364,56,1209.4388646339748,14407,1902,12205,28514,N
112,41,910.4957940605545,11818,16,16848,28682,N
425,50,587.5912974059464,89,4815,2843,7747,N
167,58,1126.457019676927,9117,11926,22927,43970,N
319,39,1162.7962742097216,7347,3195,34172,44714,N
342,58,834.4011789887486,12515,12205,24338,49058,N
155,50,1305.4323292999863,10266,7478,24860,42604,N
197,54,768.1743677449133,9379,3969,35733,49081,N
273,45,671.2949578216703,9141,3939,16428,29508,N
324,52,1302.8512089955461,11690,9021,18293,39004,N
28,21,2886.086108813516,27211,28678,40931,96820,Y
378,48,1148.1050345341234,6382,3406,17695,27483,N
3,35,2396.992162207474,24107,25070,63165,112342,Y
124,51,1171.2708252291325,11228,11563,30497,53288,N
126,38,656.2015079305993,10374,4675,1170,16219,N
208,64,1077.8070502510845,5308,2462,26206,33976,N
230,61,1119.3899693665019,1907,1161,35131,38199,N
322,61,1350.574528015116,7469,14758,244,22471,N
464,53,1323.2732126800302,886,8532,26627,36045,N
6,32,2818.380424779535,17654,26984,63776,108414,Y
397,61,794.0674621767778,12251,5300,23238,40789,N
435,53,1011.6385825190141,10770,6553,20426,37749,N
345,40,1346.8872244289528,11,194,2537,2742,N
332,31,1265.82903923491,14209,2077,13907,30193,N
215,57,1268.581330913202,4873,8635,33065,46573,N
345,62,1125.330169954454,1384,9589,29092,40065,N
295,45,712.3339742868912,8376,4563,29978,42917,N
90,45,841.3186459500521,5593,11864,5543,23000,N
122,41,527.8439075774133,8713,10079,3809,22601,N
225,49,982.7134730769344,4673,12608,15995,33276,N
213,53,992.5990052218141,1409,9886,5197,16492,N
243,58,1305.978900867584,10852,2172,16663,29687,N
454,39,1046.6963282963397,14180,7825,3981,25986,N
211,41,650.6874870008338,5573,4131,13731,23435,N
71,43,1284.7696818249879,13667,4535,2776,20978,N
31,18,2837.5308340760557,27435,22697,54629,104761,Y
244,52,501.1120941961874,4218,9615,5060,18893,N
198,43,942.3665331024188,3789,12997,7148,23934,N
136,43,627.3694734478811,3629,5919,15886,25434,N
93,46,1331.5183331122234,6638,4651,33377,44666,N
310,56,902.0272168882407,615,6911,22394,29920,N
255,44,1391.2000730636023,1268,7454,13666,22388,N
322,57,754.4813316182602,2237,4054,935,7226,N
446,49,1065.7449506132893,325,9726,20245,30296,N
499,34,888.7263478765467,14407,9462,25216,49085,N
261,52,581.0386104650568,14246,4078,12853,31177,N
393,40,1031.8717665050167,14041,2575,39522,56138,N
69,32,1312.4738210441717,10297,7604,15470,33371,N
178,46,989.03577530762,9043,7493,4103,20639,N
78,62,1132.3962564655085,13986,10948,5594,30528,N
413,41,1072.6428531155846,12563,3144,13990,29697,N
309,48,1230.2491895295711,6828,8362,39099,54289,N
490,51,807.5297954904563,2158,10164,10450,22772,N
249,55,608.044559376407,9241,12182,33066,54489,N
12,26,2086.0321570329434,19306,17799,79346,116451,Y
11,32,2544.344887634321,27237,16802,50905,94944,Y
91,56,1432.5445893524509,2657,12714,33709,49080,N
37,34,2613.6379029893837,20696,28543,52615,101854,Y
492,36,1140.9655280987577,11580,11587,32651,55818,N
25,23,2556.464637348822,23106,26826,74420,124352,Y
470,53,1424.1077159112795,9484,8792,20597,38873,N
3,28,2930.64247635196,29342,23557,53945,106844,Y
60,57,1434.729915488301,7382,10668,19953,38003,N
77,55,1315.769404635107,13778,7008,27405,48191,N
383,64,1158.102218056492,272,11202,13007,24481,N
287,59,1441.048260038377,4780,14414,14327,33521,N
266,52,914.9604360796804,3590,10064,28369,42023,N
218,39,977.4161894803538,390,5615,11569,17574,N
37,37,2297.3615313084724,20867,16211,49121,86199,Y
53,46,1119.9685648741643,8693,8921,10310,27924,N
29,35,2871.9130612805056,19386,27028,57303,103717,Y
341,56,1092.7709408701849,12664,5275,507,18446,N
462,45,1058.3523150641136,7354,11294,30979,49627,N
470,46,1023.6634160546107,5037,12249,24495,41781,N
88,33,700.7709747566786,1301,7370,6411,15082,N
271,47,806.9722822090182,12542,1478,39164,53184,N
306,55,1470.9402496046187,12012,6533,21061,39606,N
43,25,2801.684293191305,23210,24316,52177,99703,Y
144,59,1172.2506872941947,2080,6089,26123,34292,N
167,59,522.0661486822909,904,1269,26140,28313,N
210,44,1110.3774953183276,5606,3956,16555,26117,N
487,47,1099.4611396587165,9898,9963,33189,53050,N
470,62,1335.372530284246,14713,4675,13009,32397,N
3,34,2503.5469815118863,21103,29357,57857,108317,Y
43,23,2466.116292658489,21646,26448,49782,97876,Y
300,45,1366.2924359821814,5798,9627,12466,27891,N
168,38,521.0211067262171,11925,6559,19158,37642,N
246,61,1337.2372182218182,11514,12070,924,24508,N
172,32,684.4590510598833,2395,8220,15310,25925,N
84,35,885.1026028230297,3365,588,32092,36045,N
196,32,882.7841004030406,4086,10361,8531,22978,N
224,33,507.3341508361803,12738,556,29831,43125,N
392,45,1066.0184248878209,3567,10248,6477,20292,N
12,38,2048.69484839993,17062,24030,59880,100972,Y
327,53,1024.8999867258383,9643,14336,35081,59060,N
257,37,796.6124821570932,4056,305,32088,36449,N
237,55,1256.7580902469283,3917,7080,2936,13933,N
328,35,1184.3142489253446,9642,11288,38417,59347,N
239,42,591.1406394446775,1819,10897,28091,40807,N
27,36,2331.14648916415,28983,19206,70951,119140,Y
31,37,2579.6190972281365,22235,15813,61473,99521,Y
372,55,1099.3597250421656,14287,5911,32230,52428,N
143,42,669.5040918660586,12435,1141,25425,39001,N
46,35,2677.545805183776,17038,26052,72113,115203,Y
46,29,2072.7349477786684,28425,26374,74552,129351,Y
10,36,2992.5146201619714,20428,21681,79661,121770,Y
63,53,899.3325801992225,4658,7082,6869,18609,N
22,39,2194.7734976872257,21219,19534,68379,109132,Y
397,62,1332.6117733261312,2938,12979,5296,21213,N
86,55,1390.138053446914,126,5602,17575,23303,N
129,42,1118.6102890939392,9211,6453,14997,30661,N
65,57,1175.4560453364256,4539,8876,2887,16302,N
285,51,1379.6014967117621,9959,12372,6040,28371,N
114,35,855.4393373640618,12351,11606,31658,55615,N
412,52,1089.0200909809116,5708,490,3729,9927,N
392,44,661.45783406424,12600,14950,21398,48948,N
396,47,569.1535677185012,13614,12967,37298,63879,N
41,24,2780.2126485356334,17387,25586,75461,118434,Y
26,26,2744.73672782921,22966,17580,68967,109513,Y
161,42,940.5391598729948,11923,14436,12021,38380,N
166,57,1099.2992870063886,7080,1985,30232,39297,N
49,26,2496.239221900814,17296,22164,58981,98441,Y
439,40,1084.8278113057909,13479,13058,5622,32159,N
422,64,560.9019330994934,5650,12433,7036,25119,N
393,64,1396.57465846901,6115,4248,4603,14966,N
175,63,1390.6584554618425,9953,220,4818,14991,N
24,33,2295.7475625950206,26080,24856,77344,128280,Y
467,45,698.6445768974058,1462,5521,15905,22888,N
24,30,2587.991629463833,20753,22237,54175,97165,Y
40,33,2177.3265532239393,29622,16001,63283,108906,Y
17,37,2360.3754923631705,15478,29350,40515,85343,Y
240,38,808.8022753496153,6297,9603,27856,43756,N
321,44,653.7837055132162,7987,13380,30966,52333,N
4,37,2807.71781998148,15622,18841,76444,110907,Y
62,33,1496.9494174116696,11452,5214,37480,54146,N
7,20,2049.2209145407614,22533,19616,78498,120647,Y
347,42,709.4557695095111,12940,3339,16932,33211,N
9,26,2760.0055449620986,26393,24973,72567,123933,Y
109,52,1120.371252123721,10047,13798,17558,41403,N
206,43,873.9471344790675,2244,4086,17118,23448,N
138,60,1465.6389752668006,2795,12496,37356,52647,N
179,54,1229.3098004772062,11110,731,1129,12970,N
424,35,866.9614070072005,11362,12881,32330,56573,N
423,49,1245.2147426908346,5074,14037,26426,45537,N
493,48,1023.4071850674719,3389,4239,20863,28491,N
265,33,1295.0580176061312,1515,6326,14605,22446,N
482,48,1456.2918815133612,7686,14802,26928,49416,N
193,37,582.4059718619482,6738,1577,28350,36665,N
222,42,1371.3152472468535,10785,6691,17297,34773,N
264,35,1182.540478767157,6040,1462,15511,23013,N
380,55,743.5711258646319,7037,11745,13386,32168,N
215,43,945.4095211057868,687,14356,21045,36088,N
233,59,1443.5741440351771,6322,10003,32479,48804,N
21,24,2131.686903436207,18968,17716,56574,93258,Y
7,39,2252.314736135153,15378,27674,60213,103265,Y
286,36,1217.464990611912,1754,463,31973,34190,N
221,52,668.2785885077128,4938,5417,22388,32743,N
466,46,960.8983382065819,1412,9775,14559,25746,N
52,64,1338.8538619040687,446,1391,11516,13353,N
366,60,641.9942593520847,2939,13335,38737,55011,N
99,43,826.1078525125735,3150,9797,15386,28333,N
320,37,1195.1874662100656,4797,14894,21452,41143,N
40,19,2775.5052967189995,23543,24916,50143,98602,Y
305,59,1411.5147258658508,6924,9216,36942,53082,N
285,43,844.0916178494422,7265,9297,27125,43687,N
6,23,2063.1299092079666,29645,29721,53668,113034,Y
138,59,915.1456539927458,2644,13044,14626,30314,N
321,46,776.8699694920123,2550,4225,31875,38650,N
134,63,1246.3628843132415,10832,13286,22852,46970,N
4,37,2001.6437571124497,28928,26428,53799,109155,Y
8,22,2862.076142576597,20953,23456,64426,108835,Y
35,39,2843.879411230929,22445,17721,49637,89803,Y
300,62,1224.0291887729213,7104,13182,39008,59294,N
50,53,807.7028133898439,10364,3153,23834,37351,N
220,61,1211.0009619498112,10345,1128,19894,31367,N
277,35,608.0289574915793,4897,5718,6001,16616,N
411,53,538.9578463484643,14348,11703,13329,39380,N
12,34,2444.1834068783664,15294,19284,63185,97763,Y
456,59,1278.0463064831993,9017,3779,34886,47682,N
297,47,1486.8959453882976,13607,14917,37333,65857,N
242,33,1492.1356394785828,8243,2410,1820,12473,N
454,55,845.579585870813,5882,13742,34635,54259,N
347,35,837.3306088457655,6103,13722,12197,32022,N
7,18,2951.3968619791062,18440,19631,49599,87670,Y
46,24,2187.1242704105016,18768,24142,47995,90905,Y
148,59,938.6475002460547,12746,11475,18557,42778,N
462,63,1339.9977606043435,7325,2159,27025,36509,N
296,46,814.6289089351988,10710,13272,1230,25212,N
159,51,1217.9326909401018,1910,8082,14904,24896,N
43,19,2909.4295036858766,16916,28107,75525,120548,Y
470,30,1455.4481914380676,6362,14260,8683,29305,N
428,55,1011.7804565694807,12352,11875,38591,62818,N
220,46,1319.624869547645,534,3462,4011,8007,N
230,36,1003.7083870840708,7329,6957,9196,23482,N
255,43,945.4529297342879,4703,2706,32769,40178,N
59,46,1003.345130606154,1861,5269,8320,15450,N
487,35,1293.1285379630563,901,14380,11360,26641,N
328,52,773.9880994699718,12678,3918,17451,34047,N
26,18,2043.100108948324,25860,23758,65279,114897,Y
268,34,641.1990635371849,1590,14201,37711,53502,N
136,45,1275.2345388990561,3225,11810,35228,50263,N
83,62,1438.0641395681314,11926,6726,10754,29406,N
363,61,1196.561402144046,3114,10118,20028,33260,N
13,37,2635.6453219526134,18174,18081,75398,111653,Y
139,63,1188.810503589987,13204,6269,7099,26572,N
258,62,696.688197312823,13502,4078,5801,23381,N
356,41,1100.945484537719,2600,6175,12861,21636,N
204,57,704.0876611557603,3565,10426,20977,34968,N
491,31,878.2245152433447,6257,7366,26636,40259,N
14,39,2072.2769475731766,28273,15992,46858,91123,Y
123,54,1109.8127615481171,4522,3188,4136,11846,N
478,53,647.1632510949453,4704,14992,4823,24519,N
278,31,897.2714728404596,10235,9533,39895,59663,N
186,33,1426.0595598182654,4212,6961,25693,36866,N
217,40,740.2194332083856,12982,924,32919,46825,N
9,30,2876.6138270158917,28865,15495,42148,86508,Y
94,47,701.2637881344724,3085,3504,32924,39513,N
272,33,1452.0624466390027,5523,7543,8055,21121,N
46,28,2054.511927437826,26468,22246,72922,121636,Y
320,57,726.978539471521,4626,2905,14259,21790,N
75,54,1191.416057513152,7853,12379,15792,36024,N
17,38,2190.3369750950474,29304,26049,40786,96139,Y
322,62,930.8582753822707,3767,11070,38762,53599,N
98,55,863.2553516758103,5427,7011,20085,32523,N
312,45,541.0681727904055,6965,14141,9344,30450,N
98,54,901.8762712367395,2511,143,10681,13335,N
249,58,964.2039489521267,11397,6031,37011,54439,N
385,36,1249.369436644957,2713,4185,17107,24005,N
112,32,1467.2711903702975,12028,12185,34305,58518,N
447,59,799.6686838414907,4825,8747,22432,36004,N
12,31,2252.17287749553,25849,25987,66905,118741,Y
198,57,928.7642911146835,10151,1601,27369,39121,N
136,44,833.6608906336926,6447,5499,39041,50987,N
19,37,2728.116437336166,19994,28494,55627,104115,Y
345,31,1355.5511234358723,8269,2831,11819,22919,N
45,23,2497.253886590878,26619,15277,43089,84985,Y
61,59,825.8245840194487,8167,5190,4575,17932,N
97,48,840.0043860598921,7322,14900,22884,45106,N
47,24,2847.5476330547363,21666,15142,52479,89287,Y
436,34,1206.6041289942177,3364,1032,36110,40506,N
2,23,2211.7458620524194,19500,16172,67914,103586,Y
471,37,1428.5968815306383,2940,8738,37494,49172,N
13,31,2696.19245030109,29117,15363,50358,94838,Y
287,63,552.826686364722,12921,1936,25538,40395,N
30,36,2482.2740000815434,24062,19611,70825,114498,Y
20,39,2898.3552751676652,26089,17244,72786,116119,Y
179,41,1262.212058314177,865,773,29063,30701,N
174,40,1123.379565959907,11134,6795,39752,57681,N
51,37,779.6363184932063,10875,11572,739,23186,N
9,38,2805.174397360377,20127,21947,63004,105078,Y
